flow_duration,total_packets,packet_size_mean,syn_flag,fin_flag,rst_flag,psh_flag,urg_flag,protocol,label
20795,34,53,0,1,0,1,1,6,Xmas
5860,21,92,0,1,0,1,1,6,Xmas
43158,23,87,1,0,0,0,0,6,SYN
59343,7,108,0,0,0,0,0,17,UDP
49732,20,129,0,0,0,0,0,6,Normal
16284,30,101,0,1,0,0,0,6,FIN
59886,24,105,0,1,0,0,0,6,FIN
11265,23,103,0,1,0,1,1,6,Xmas
21850,8,109,0,0,0,0,0,17,UDP
42194,3,102,1,0,0,0,0,6,SYN
26962,7,112,0,0,0,0,0,17,UDP
52191,14,72,0,0,0,0,0,17,UDP
49131,28,80,1,0,0,0,0,6,SYN
21023,36,128,0,1,0,1,1,6,Xmas
46090,16,87,0,0,0,0,0,17,UDP
6685,28,52,0,1,0,0,0,6,FIN
5769,29,112,1,0,0,0,0,6,SYN
7433,11,116,0,0,0,0,0,6,Normal
10311,28,70,0,1,0,1,1,6,Xmas
42819,24,114,1,0,0,0,0,6,SYN
44188,32,107,0,0,0,0,0,6,Normal
22568,19,43,1,0,0,0,0,17,Normal
58707,28,58,0,0,0,0,0,17,UDP
24769,38,109,0,0,0,0,0,17,UDP
33693,3,121,0,0,0,0,0,17,UDP
11396,10,52,1,0,0,0,0,6,SYN
32480,37,62,1,0,0,0,0,6,SYN
46434,17,122,0,1,0,1,1,6,Xmas
30658,24,114,0,0,0,0,0,17,UDP
23942,16,40,0,0,0,0,0,6,Normal
23431,28,127,0,1,0,0,0,6,FIN
7747,30,93,0,1,0,1,1,6,Xmas
5189,25,110,1,0,0,0,0,6,SYN
24118,16,128,0,1,0,1,1,6,Xmas
40773,26,124,0,1,0,1,1,6,Xmas
58810,4,54,0,1,0,1,1,6,Xmas
6899,28,104,0,1,0,1,1,6,Xmas
6267,16,115,0,1,0,0,0,6,FIN
36551,9,110,0,0,0,0,0,17,UDP
55680,5,54,0,1,0,0,0,17,Normal
16394,25,60,0,1,0,1,1,6,Xmas
8556,20,58,0,1,0,1,1,6,Xmas
8890,37,99,0,1,0,1,1,6,Xmas
46606,17,128,0,0,0,0,0,17,UDP
35740,27,72,1,0,0,0,0,6,SYN
19502,39,88,1,0,0,0,0,6,SYN
26777,30,74,0,1,0,0,0,6,FIN
15627,12,83,1,0,0,0,0,6,SYN
13792,19,129,0,1,0,1,1,6,Xmas
48323,24,50,0,1,0,1,1,6,Xmas
48021,28,111,0,1,0,1,1,6,Xmas
13433,27,117,0,1,0,0,0,6,FIN
48001,19,113,0,1,0,1,1,6,Xmas
16016,15,105,1,0,0,0,0,6,SYN
28897,22,85,0,0,0,0,0,17,UDP
7612,27,48,0,0,0,0,0,17,UDP
59638,6,42,0,0,0,0,0,6,Normal
28483,12,124,1,0,0,0,0,6,SYN
53555,5,65,0,1,0,1,1,6,Xmas
22159,20,111,0,0,0,0,0,17,UDP
49974,38,87,1,0,0,0,0,6,SYN
45994,24,105,0,0,0,0,0,17,UDP
19541,36,109,0,1,0,1,1,6,Xmas
40920,10,67,0,0,0,0,0,17,UDP
31531,21,65,0,0,0,0,0,17,Normal
6585,39,64,0,0,0,0,0,6,Normal
8943,8,51,0,0,0,0,0,17,UDP
28939,28,44,1,0,0,0,0,6,SYN
24457,36,87,1,0,0,0,0,6,SYN
6021,8,76,1,0,0,0,0,6,SYN
16653,39,118,0,0,0,0,0,17,UDP
48573,35,83,1,0,0,0,0,6,SYN
18417,24,54,0,1,0,1,1,6,Xmas
57995,23,82,0,0,0,0,0,6,Normal
45757,8,87,0,1,0,1,1,6,Xmas
14692,8,126,1,0,0,0,0,6,SYN
50758,6,109,0,1,0,1,1,6,Xmas
11873,32,85,1,0,0,0,0,6,SYN
10675,13,82,0,0,0,0,0,17,UDP
5161,32,60,0,1,0,1,1,6,Xmas
42065,33,62,0,0,0,0,0,17,UDP
31557,26,119,0,0,0,0,0,17,UDP
38763,11,86,0,1,0,0,0,6,FIN
37606,5,54,1,0,0,0,0,6,SYN
16534,33,64,0,0,0,0,0,6,Normal
34127,39,75,1,0,0,0,0,6,SYN
45397,38,114,0,0,0,0,0,17,Normal
30851,26,90,1,0,0,0,0,6,SYN
6016,33,54,0,0,0,0,0,17,UDP
29253,8,107,0,1,0,1,1,6,Xmas
29276,4,60,0,1,0,1,1,6,Xmas
28247,22,52,0,1,0,0,0,6,FIN
29300,30,125,1,0,0,0,0,6,Normal
13529,13,58,0,0,0,0,0,17,Normal
22262,6,73,0,0,0,0,0,17,Normal
14268,17,117,0,0,0,0,0,17,UDP
26271,8,107,0,0,0,0,0,6,Normal
17185,32,91,0,1,0,1,1,6,Xmas
26243,4,66,0,0,0,0,0,17,UDP
44099,17,68,1,0,0,0,0,6,SYN
13571,13,67,0,1,0,0,0,6,Normal
44976,10,74,0,0,0,0,0,6,Normal
43044,28,47,1,0,0,0,0,6,SYN
56214,7,55,0,0,0,0,0,17,Normal
54216,8,75,1,0,0,0,0,6,SYN
53984,28,69,0,0,0,0,0,17,UDP
45774,6,57,0,1,0,1,1,6,Xmas
7568,21,41,1,0,0,0,0,6,SYN
59615,22,88,0,1,0,0,0,6,FIN
7027,35,116,1,0,0,0,0,6,SYN
7695,22,43,0,0,0,0,0,6,Normal
53190,14,129,0,0,0,0,0,17,UDP
10258,3,128,0,0,0,0,0,17,UDP
27002,28,114,1,0,0,0,0,6,SYN
44504,16,46,0,1,0,1,1,6,Xmas
38159,39,113,0,1,0,0,0,6,FIN
18986,13,78,0,0,0,0,0,17,UDP
17666,38,52,0,0,0,0,0,6,Normal
43660,15,70,0,0,0,0,0,17,Normal
8561,5,110,0,1,0,1,1,6,Xmas
31854,35,102,0,0,0,0,0,17,UDP
43952,8,95,1,0,0,0,0,6,SYN
57251,12,81,0,0,0,0,0,17,Normal
27662,7,100,0,1,0,1,1,6,Xmas
13392,25,81,0,0,0,0,0,17,UDP
35535,12,95,0,0,0,0,0,17,UDP
18067,4,75,0,0,0,0,0,17,UDP
53033,15,123,0,0,0,0,0,17,UDP
57256,4,107,0,0,0,0,0,17,UDP
28599,22,46,0,0,0,0,0,6,Normal
40222,3,93,0,1,0,1,1,6,Xmas
16837,39,40,0,0,0,0,0,17,UDP
19039,11,83,0,1,0,0,0,6,FIN
35818,19,84,0,1,0,0,0,6,FIN
24115,11,86,0,1,0,1,1,6,Xmas
15965,13,52,1,0,0,0,0,6,SYN
29538,17,61,1,0,0,0,0,6,SYN
47530,26,60,1,0,0,0,0,6,SYN
10056,37,125,0,1,0,0,0,6,FIN
37482,32,48,1,0,0,0,0,6,SYN
52716,33,65,0,0,0,0,0,17,Normal
13110,7,48,0,0,0,0,0,17,UDP
18773,16,54,0,1,0,0,0,6,FIN
32266,13,49,0,1,0,1,1,6,Xmas
57992,11,127,0,1,0,1,1,6,Xmas
22412,36,81,0,0,0,0,0,17,UDP
38270,14,111,0,1,0,0,0,6,FIN
11910,37,63,1,0,0,0,0,6,SYN
50453,37,119,1,0,0,0,0,6,SYN
30446,3,88,0,0,0,0,0,17,Normal
58640,24,65,0,0,0,0,0,6,Normal
5206,31,76,1,0,0,0,0,6,SYN
26518,10,107,0,1,0,1,1,6,Xmas
27361,13,89,0,1,0,1,1,6,Xmas
28419,39,63,0,0,0,0,0,6,Normal
55636,16,58,0,0,0,0,0,17,UDP
53702,32,99,1,0,0,0,0,6,SYN
55015,37,78,0,0,0,0,0,17,Normal
56942,23,113,0,0,0,0,0,17,Normal
46523,39,128,1,0,0,0,0,6,SYN
59268,7,57,1,0,0,0,0,6,SYN
50151,21,58,0,1,0,1,1,6,Xmas
27403,16,75,0,0,0,0,0,17,UDP
23141,28,113,0,0,0,0,0,17,UDP
19820,6,94,1,0,0,0,0,6,SYN
45342,27,108,0,1,0,0,0,6,FIN
11374,27,86,0,0,0,0,0,6,Normal
6678,20,88,0,1,0,0,0,6,Normal
57394,10,72,1,0,0,0,0,6,SYN
58788,16,60,0,1,0,0,0,6,FIN
38827,34,120,0,1,0,1,1,6,Xmas
21198,35,61,1,0,0,0,0,6,SYN
14914,25,87,1,0,0,0,0,6,SYN
32890,17,76,0,0,0,0,0,17,Normal
57309,35,54,1,0,0,0,0,6,SYN
27299,27,74,1,0,0,0,0,6,SYN
48585,19,110,1,0,0,0,0,6,SYN
48689,35,71,0,0,0,0,0,6,Normal
47557,4,50,0,1,0,1,1,6,Xmas
54080,16,49,0,1,0,1,1,6,Xmas
49020,8,112,1,0,0,0,0,6,SYN
7693,8,117,0,0,0,0,0,6,Normal
34467,5,116,0,1,0,1,1,6,Xmas
34723,9,96,0,1,0,1,1,6,Xmas
51699,10,64,0,1,0,1,1,6,Xmas
8627,17,41,0,0,0,0,0,17,Normal
30939,31,103,0,0,0,0,0,17,Normal
53925,35,74,1,0,0,0,0,6,SYN
47941,32,46,0,0,0,0,0,17,UDP
26834,29,124,0,1,0,1,1,6,Xmas
23047,38,57,0,0,0,0,0,17,UDP
31105,31,106,1,0,0,0,0,6,Normal
15230,35,81,0,0,0,0,0,17,Normal
20707,39,78,0,0,0,0,0,6,Normal
26976,29,80,0,0,0,0,0,17,UDP
49262,35,114,0,0,0,0,0,17,Normal
28776,6,63,1,0,0,0,0,6,SYN
35080,24,99,0,1,0,0,0,6,Normal
6306,4,85,0,1,0,0,0,6,FIN
11776,12,58,0,0,0,0,0,17,UDP
32251,7,107,0,1,0,0,0,6,FIN
14474,12,129,0,0,0,0,0,6,Normal
45294,35,81,1,0,0,0,0,6,SYN
26959,15,71,0,1,0,1,1,6,Xmas
10530,33,78,0,0,0,0,0,17,Normal
34320,38,75,1,0,0,0,0,6,SYN
58565,26,75,0,0,0,0,0,17,UDP
8748,17,42,0,1,0,0,0,6,FIN
36968,31,112,0,1,0,0,0,6,FIN
37562,10,47,0,1,0,0,0,6,FIN
18545,7,109,0,0,0,0,0,17,UDP
5663,31,80,1,0,0,0,0,6,SYN
39766,6,107,0,0,0,0,0,17,UDP
12994,14,52,0,1,0,0,0,6,FIN
33021,4,88,0,0,0,0,0,17,Normal
35303,29,99,0,1,0,1,1,6,Xmas
55647,33,41,0,0,0,0,0,17,UDP
8304,38,99,0,0,0,0,0,17,UDP
57915,38,44,1,0,0,0,0,6,SYN
59384,28,83,1,0,0,0,0,6,SYN
56005,29,66,0,0,0,0,0,17,UDP
51576,7,71,0,1,0,0,0,6,FIN
44353,22,60,0,1,0,1,1,6,Xmas
22675,13,47,1,0,0,0,0,6,SYN
57733,12,111,0,1,0,0,0,6,FIN
49417,8,89,0,0,0,0,0,6,Normal
28938,10,106,1,0,0,0,0,6,SYN
28664,25,83,0,1,0,0,0,6,FIN
6636,28,97,0,1,0,0,0,6,FIN
25080,14,42,0,1,0,1,1,6,Xmas
32728,28,125,0,1,0,1,1,6,Xmas
54850,15,109,0,1,0,0,0,17,Normal
31736,20,41,0,1,0,0,0,6,FIN
33673,27,126,0,1,0,0,0,6,FIN
42505,35,83,0,1,0,1,1,6,Xmas
52323,14,41,1,0,0,0,0,6,SYN
51645,38,120,1,0,0,0,0,6,SYN
5854,6,74,0,0,0,0,0,17,UDP
29548,7,126,0,1,0,1,1,6,Xmas
43623,39,69,0,0,0,0,0,17,UDP
12392,10,47,0,1,0,1,1,6,Xmas
51717,30,61,0,1,0,0,0,17,Normal
59401,33,83,0,1,0,0,0,6,FIN
26556,11,97,0,1,0,0,0,17,Normal
55859,31,75,0,1,0,1,1,6,Xmas
43559,16,108,0,1,0,0,0,6,FIN
31309,24,116,1,0,0,0,0,6,SYN
26919,13,70,1,0,0,0,0,6,SYN
9931,25,86,0,0,0,0,0,17,UDP
57662,3,94,0,1,0,1,1,6,Xmas
37970,39,119,0,1,0,1,1,6,Xmas
49215,23,101,1,0,0,0,0,6,SYN
58370,28,69,0,0,0,0,0,6,Normal
17688,38,94,0,1,0,0,0,6,FIN
30342,25,55,0,0,0,0,0,6,Normal
42157,3,51,0,0,0,0,0,6,Normal
7327,17,56,1,0,0,0,0,6,SYN
45772,23,55,1,0,0,0,0,6,SYN
57083,11,51,1,0,0,0,0,6,SYN
45545,11,47,0,0,0,0,0,17,UDP
5197,12,123,0,0,0,0,0,17,Normal
28509,28,42,0,1,0,1,1,6,Xmas
39698,37,55,0,1,0,0,0,6,FIN
49542,27,69,0,0,0,0,0,17,UDP
20087,28,62,0,1,0,1,1,6,Xmas
27671,13,44,0,0,0,0,0,17,Normal
30184,4,123,1,0,0,0,0,6,SYN
32848,9,104,0,0,0,0,0,6,Normal
47107,20,69,0,1,0,0,0,6,FIN
25666,29,60,0,0,0,0,0,17,UDP
49357,36,123,0,0,0,0,0,17,UDP
56663,29,109,0,1,0,0,0,6,FIN
20708,19,61,0,1,0,1,1,6,Xmas
31370,26,121,0,1,0,1,1,6,Xmas
54811,27,111,0,0,0,0,0,17,UDP
7811,9,71,0,0,0,0,0,17,UDP
52011,8,72,1,0,0,0,0,6,SYN
11546,26,55,0,1,0,1,1,6,Xmas
39754,35,115,0,1,0,0,0,6,FIN
35206,31,77,0,1,0,1,1,6,Xmas
46106,24,53,1,0,0,0,0,6,SYN
16411,28,75,0,0,0,0,0,17,UDP
7911,30,62,0,0,0,0,0,17,UDP
6734,23,105,1,0,0,0,0,6,SYN
23227,9,124,0,1,0,0,0,6,FIN
13680,19,41,0,0,0,0,0,17,UDP
24360,22,112,0,0,0,0,0,6,Normal
23343,22,104,0,0,0,0,0,17,UDP
10759,24,114,0,0,0,0,0,17,Normal
28078,30,106,1,0,0,0,0,6,SYN
40153,9,91,1,0,0,0,0,6,SYN
16111,3,101,0,0,0,0,0,17,UDP
42504,34,62,0,1,0,1,1,6,Xmas
6802,15,65,0,0,0,0,0,6,Normal
13155,32,107,0,1,0,0,0,6,FIN
13120,25,121,0,0,0,0,0,17,UDP
44384,21,94,0,1,0,0,0,6,FIN
52025,34,45,0,0,0,0,0,17,UDP
52254,32,74,0,1,0,1,1,6,Xmas
26918,31,61,0,1,0,1,1,6,Xmas
25445,31,82,0,1,0,1,1,6,Xmas
35306,32,54,0,1,0,1,1,6,Xmas
21646,18,125,1,0,0,0,0,6,SYN
51843,21,99,1,0,0,0,0,6,SYN
36065,20,51,0,0,0,0,0,6,Normal
30199,3,88,0,1,0,0,0,6,FIN
46976,16,81,0,0,0,0,0,17,UDP
21371,4,77,0,0,0,0,0,17,UDP
16835,30,121,1,0,0,0,0,6,SYN
50936,32,84,0,0,0,0,0,17,UDP
7049,6,74,1,0,0,0,0,6,SYN
36616,3,69,0,0,0,0,0,17,Normal
43191,10,127,0,1,0,0,0,6,FIN
52357,31,69,0,0,0,0,0,17,Normal
25932,5,117,0,1,0,1,1,6,Xmas
57260,34,45,0,1,0,1,1,6,Xmas
34855,12,106,0,1,0,1,1,6,Xmas
12158,12,119,0,0,0,0,0,6,Normal
48016,21,46,0,0,0,0,0,17,UDP
12400,36,91,0,1,0,0,0,6,FIN
57322,35,53,0,1,0,1,1,6,Xmas
47642,25,112,0,1,0,1,1,6,Xmas
20151,30,54,0,1,0,1,1,6,Xmas
56407,34,60,0,1,0,0,0,6,FIN
6154,9,74,0,1,0,1,1,6,Xmas
9499,31,105,0,1,0,0,0,6,FIN
11295,10,41,0,1,0,1,1,6,Xmas
17183,3,74,1,0,0,0,0,17,Normal
34299,5,121,0,0,0,0,0,6,Normal
17874,26,117,0,1,0,0,0,6,FIN
55800,25,59,0,0,0,0,0,17,Normal
37711,10,121,0,1,0,0,0,6,FIN
10539,39,49,0,0,0,0,0,17,Normal
47405,5,64,0,0,0,0,0,6,Normal
58351,35,105,0,1,0,0,0,6,FIN
53354,30,64,0,0,0,0,0,17,UDP
7557,10,93,0,0,0,0,0,17,Normal
43360,36,72,0,1,0,1,1,6,Xmas
21482,37,75,0,0,0,0,0,17,UDP
7200,34,53,0,1,0,0,0,6,FIN
51940,26,104,0,0,0,0,0,17,UDP
7961,16,119,1,0,0,0,0,6,SYN
51975,34,93,1,0,0,0,0,6,SYN
26357,18,91,0,0,0,0,0,6,Normal
58585,6,42,1,0,0,0,0,6,Normal
16969,39,80,0,1,0,1,1,6,Xmas
7869,23,45,0,0,0,0,0,17,UDP
55108,16,64,1,0,0,0,0,6,SYN
51760,33,52,0,0,0,0,0,17,Normal
33643,20,47,0,0,0,0,0,17,UDP
29736,9,60,0,0,0,0,0,17,Normal
43467,12,107,0,0,0,0,0,17,Normal
28328,9,64,1,0,0,0,0,6,SYN
58645,35,118,1,0,0,0,0,6,SYN
30876,25,107,0,0,0,0,0,17,Normal
26295,23,84,0,1,0,0,0,6,FIN
8987,21,99,0,0,0,0,0,17,Normal
27399,21,51,0,0,0,0,0,6,Normal
51214,38,71,0,1,0,1,1,6,Xmas
38986,31,52,0,1,0,1,1,6,Xmas
25880,20,70,0,1,0,1,1,6,Xmas
9735,4,117,0,1,0,0,0,6,FIN
49064,3,59,0,1,0,0,0,6,FIN
9555,7,57,0,0,0,0,0,6,Normal
46914,22,99,0,1,0,1,1,6,Xmas
45818,13,102,0,1,0,0,0,6,FIN
50525,4,45,1,0,0,0,0,6,SYN
24830,5,71,0,0,0,0,0,17,Normal
22429,25,82,0,0,0,0,0,17,UDP
11893,14,41,0,0,0,0,0,17,Normal
55845,22,99,0,0,0,0,0,17,UDP
19373,7,62,0,1,0,1,1,6,Xmas
52333,39,122,0,0,0,0,0,17,UDP
8436,32,70,0,1,0,1,1,6,Xmas
13754,11,44,1,0,0,0,0,6,SYN
15677,36,122,0,0,0,0,0,17,UDP
10895,37,73,0,0,0,0,0,17,Normal
24738,24,49,0,1,0,1,1,6,Xmas
35746,26,128,0,0,0,0,0,17,Normal
54377,19,41,0,1,0,0,0,6,FIN
53404,12,50,0,1,0,1,1,6,Xmas
59045,32,89,0,0,0,0,0,17,UDP
37352,25,70,0,1,0,1,1,6,Xmas
44790,34,95,1,0,0,0,0,6,Normal
46919,19,118,1,0,0,0,0,6,SYN
10600,19,112,0,1,0,1,1,6,Xmas
34124,16,126,0,0,0,0,0,17,UDP
32643,11,122,0,1,0,0,0,6,FIN
45764,4,48,1,0,0,0,0,6,SYN
14007,27,60,0,1,0,0,0,6,FIN
50714,11,112,0,1,0,1,1,6,Xmas
42410,24,67,0,0,0,0,0,17,Normal
49080,6,101,0,0,0,0,0,17,Normal
45447,28,46,0,0,0,0,0,17,UDP
13208,31,119,0,0,0,0,0,17,Normal
23589,36,55,1,0,0,0,0,6,SYN
48484,25,43,0,0,0,0,0,17,Normal
22453,39,43,0,0,0,0,0,17,UDP
41212,13,79,0,1,0,1,1,6,Xmas
48525,8,56,0,1,0,1,1,6,Xmas
52202,20,91,0,1,0,0,0,17,Normal
37635,23,91,0,1,0,0,0,6,FIN
38828,38,75,0,1,0,1,1,6,Xmas
23711,36,77,0,0,0,0,0,17,Normal
8420,19,89,0,0,0,0,0,17,UDP
36216,39,102,0,0,0,0,0,6,Normal
5301,27,102,0,1,0,1,1,6,Xmas
50236,14,101,0,0,0,0,0,17,UDP
54758,25,46,0,0,0,0,0,6,Normal
57322,24,66,1,0,0,0,0,6,SYN
5699,23,125,0,0,0,0,0,17,UDP
59240,29,53,1,0,0,0,0,6,SYN
5190,33,110,0,1,0,0,0,6,FIN
15492,8,125,0,0,0,0,0,17,UDP
55132,29,44,1,0,0,0,0,6,SYN
40743,36,94,0,1,0,1,1,6,Xmas
11102,14,41,0,1,0,1,1,6,Xmas
55336,9,101,0,1,0,0,0,6,FIN
57479,12,60,0,0,0,0,0,17,UDP
24778,19,118,0,0,0,0,0,17,UDP
31641,28,60,0,0,0,0,0,17,UDP
39584,23,49,0,1,0,0,0,6,FIN
37745,30,126,0,0,0,0,0,17,UDP
28093,4,97,0,1,0,1,1,6,Xmas
5569,3,78,1,0,0,0,0,6,SYN
43210,38,44,0,1,0,1,1,6,Xmas
39663,28,104,0,1,0,1,1,6,Xmas
56885,31,52,1,0,0,0,0,6,SYN
41631,23,124,0,1,0,1,1,6,Xmas
50681,13,129,0,1,0,0,0,6,FIN
12455,13,124,1,0,0,0,0,6,SYN
9014,38,92,0,1,0,1,1,6,Xmas
16093,37,121,0,0,0,0,0,17,Normal
23070,36,84,0,1,0,1,1,6,Xmas
40777,26,71,0,1,0,0,0,6,FIN
21538,24,75,0,0,0,0,0,17,UDP
15729,7,120,0,1,0,1,1,6,Xmas
39177,35,99,0,0,0,0,0,17,UDP
50017,38,50,0,0,0,0,0,17,Normal
5784,22,102,0,1,0,1,1,6,Xmas
32751,21,60,1,0,0,0,0,6,SYN
45864,37,91,0,0,0,0,0,17,UDP
45328,19,94,0,0,0,0,0,6,Normal
17533,36,65,1,0,0,0,0,6,SYN
45111,11,107,1,0,0,0,0,6,SYN
44974,28,73,1,0,0,0,0,6,SYN
59748,4,91,1,0,0,0,0,6,SYN
10801,11,121,0,1,0,1,1,6,Xmas
24190,11,91,0,1,0,1,1,6,Xmas
54689,19,68,0,1,0,1,1,6,Xmas
43754,3,77,0,0,0,0,0,6,Normal
55993,27,81,0,0,0,0,0,6,Normal
34592,27,60,0,0,0,0,0,17,Normal
15647,37,81,0,1,0,0,0,6,FIN
13716,5,52,0,0,0,0,0,17,Normal
28355,39,103,0,1,0,1,1,6,Xmas
27009,32,56,0,1,0,1,1,6,Xmas
57102,36,48,0,1,0,0,0,6,FIN
29376,14,80,0,1,0,0,0,6,FIN
50091,21,40,1,0,0,0,0,6,Normal
9780,39,41,0,0,0,0,0,17,UDP
7368,19,99,0,1,0,0,0,6,FIN
17039,12,87,1,0,0,0,0,6,SYN
11655,14,68,0,1,0,1,1,6,Xmas
45941,18,49,1,0,0,0,0,6,SYN
9495,26,97,0,1,0,1,1,6,Xmas
15893,21,99,0,1,0,1,1,6,Xmas
30547,10,60,0,1,0,0,0,6,FIN
27386,33,67,0,1,0,0,0,6,FIN
18403,23,114,1,0,0,0,0,6,SYN
37097,19,73,0,1,0,1,1,6,Xmas
18121,25,47,1,0,0,0,0,6,SYN
15966,39,98,0,0,0,0,0,17,UDP
38621,18,125,1,0,0,0,0,6,SYN
58298,8,111,0,0,0,0,0,6,Normal
33312,10,88,1,0,0,0,0,6,SYN
57921,27,118,0,0,0,0,0,17,Normal
54726,20,56,0,0,0,0,0,6,Normal
55300,27,99,0,0,0,0,0,6,Normal
27677,14,126,0,0,0,0,0,17,UDP
36289,17,127,1,0,0,0,0,6,SYN
36024,28,84,1,0,0,0,0,6,SYN
47675,28,122,0,0,0,0,0,17,UDP
9777,34,108,0,1,0,1,1,6,Xmas
58006,12,71,0,1,0,0,0,6,FIN
34749,18,83,1,0,0,0,0,6,SYN
20338,9,104,0,1,0,0,0,6,FIN
7491,19,126,0,0,0,0,0,17,UDP
32236,25,47,0,1,0,1,1,6,Xmas
53096,28,116,0,1,0,1,1,6,Xmas
19599,23,111,0,1,0,1,1,6,Xmas
24508,24,126,0,0,0,0,0,17,UDP
59843,9,82,0,0,0,0,0,17,Normal
8051,16,40,0,0,0,0,0,17,Normal
53747,17,90,0,1,0,0,0,6,FIN
54156,9,63,0,0,0,0,0,6,Normal
26606,11,63,0,1,0,0,0,6,Normal
26699,10,56,0,1,0,1,1,6,Xmas
59021,25,44,0,1,0,1,1,6,Xmas
5876,31,59,0,1,0,0,0,6,FIN
37093,20,60,1,0,0,0,0,6,SYN
9142,33,97,0,1,0,0,0,6,FIN
20202,32,70,0,1,0,0,0,6,FIN
44734,37,50,0,0,0,0,0,17,UDP
12079,20,91,0,0,0,0,0,17,UDP
12987,19,54,0,1,0,0,0,6,FIN
44567,16,122,0,1,0,0,0,6,FIN
33940,33,46,0,1,0,0,0,6,FIN
42233,26,67,0,0,0,0,0,6,Normal
22019,37,90,0,0,0,0,0,17,UDP
51185,36,97,0,1,0,0,0,6,FIN
23077,5,44,0,1,0,1,1,6,Xmas
31258,39,44,0,1,0,1,1,6,Xmas
26136,28,47,0,0,0,0,0,6,Normal
13311,25,103,0,0,0,0,0,17,Normal
22214,17,49,1,0,0,0,0,6,SYN
19098,6,77,1,0,0,0,0,6,SYN
33251,31,120,1,0,0,0,0,6,SYN
42945,24,47,0,0,0,0,0,17,Normal
52030,27,64,0,0,0,0,0,17,Normal
30945,15,112,0,0,0,0,0,6,Normal
30316,20,105,0,1,0,1,1,6,Xmas
37217,35,118,0,0,0,0,0,17,Normal
13308,18,89,0,1,0,1,1,6,Xmas
10949,4,106,1,0,0,0,0,6,SYN
56990,37,88,1,0,0,0,0,6,SYN
6150,36,75,1,0,0,0,0,6,SYN
28944,32,107,0,1,0,0,0,6,FIN
39699,15,117,0,1,0,0,0,6,FIN
14204,15,80,0,0,0,0,0,17,UDP
55816,20,128,0,0,0,0,0,17,UDP
6081,34,101,0,0,0,0,0,17,UDP
34305,34,49,0,1,0,0,0,6,FIN
21896,37,60,0,1,0,0,0,6,FIN
51175,31,75,0,0,0,0,0,17,UDP
12805,31,51,0,0,0,0,0,17,UDP
10237,18,41,0,0,0,0,0,17,Normal
54711,12,52,0,0,0,0,0,17,UDP
25056,32,92,0,0,0,0,0,17,Normal
50543,27,71,0,1,0,1,1,6,Xmas
54012,22,55,0,1,0,0,0,6,FIN
50952,7,71,0,0,0,0,0,17,UDP
8343,3,71,0,1,0,0,0,6,FIN
18500,32,50,0,1,0,0,0,6,FIN
58222,5,49,0,1,0,0,0,6,FIN
34375,16,54,0,1,0,1,1,6,Xmas
14662,32,56,1,0,0,0,0,6,SYN
21964,6,79,0,0,0,0,0,17,UDP
52893,20,57,1,0,0,0,0,6,SYN
13130,39,94,1,0,0,0,0,6,SYN
24531,27,112,1,0,0,0,0,6,SYN
58401,3,64,0,1,0,0,0,6,FIN
6679,17,98,0,0,0,0,0,17,Normal
8506,11,117,0,1,0,0,0,6,FIN
18284,17,128,0,1,0,0,0,6,FIN
12253,26,61,1,0,0,0,0,6,SYN
24128,6,69,0,1,0,0,0,6,FIN
32932,14,123,1,0,0,0,0,6,SYN
14435,39,124,0,0,0,0,0,6,Normal
59340,39,83,0,0,0,0,0,17,UDP
49078,8,71,1,0,0,0,0,6,SYN
18296,26,90,0,0,0,0,0,17,Normal
56293,13,85,0,0,0,0,0,17,UDP
35445,15,60,0,1,0,1,1,6,Xmas
18245,36,71,1,0,0,0,0,6,SYN
34124,27,78,1,0,0,0,0,6,SYN
34899,9,51,0,1,0,1,1,6,Xmas
48919,6,86,0,1,0,1,1,6,Xmas
48225,10,57,1,0,0,0,0,6,SYN
40247,22,60,0,1,0,1,1,6,Xmas
34222,31,52,0,1,0,0,0,6,FIN
31211,12,60,0,0,0,0,0,17,UDP
42220,36,47,0,0,0,0,0,17,UDP
31646,28,85,0,0,0,0,0,17,UDP
43649,5,46,0,1,0,0,0,6,FIN
28049,8,62,0,1,0,1,1,6,Xmas
19069,7,114,0,0,0,0,0,6,Normal
37580,7,125,0,1,0,1,1,6,Xmas
36843,25,61,1,0,0,0,0,6,SYN
7849,11,128,0,0,0,0,0,17,UDP
45158,37,61,0,1,0,1,1,6,Xmas
28289,22,68,0,0,0,0,0,6,Normal
49690,37,52,1,0,0,0,0,6,SYN
40257,20,121,0,1,0,0,0,6,FIN
14823,19,41,0,1,0,0,0,6,FIN
46975,26,68,0,0,0,0,0,17,Normal
14540,5,124,1,0,0,0,0,6,SYN
21364,34,118,0,0,0,0,0,17,UDP
9611,37,91,0,1,0,1,1,6,Xmas
32663,15,66,1,0,0,0,0,6,SYN
56991,27,89,0,1,0,0,0,6,FIN
43646,11,118,0,0,0,0,0,6,Normal
35977,6,62,0,0,0,0,0,6,Normal
34168,16,127,0,1,0,1,1,6,Xmas
54115,39,83,0,0,0,0,0,6,Normal
30471,36,116,0,0,0,0,0,6,Normal
27687,13,61,1,0,0,0,0,6,SYN
5851,5,82,0,0,0,0,0,17,UDP
23071,30,76,0,1,0,1,1,6,Xmas
11833,31,100,1,0,0,0,0,6,SYN
16938,11,95,0,0,0,0,0,17,UDP
40195,5,42,1,0,0,0,0,6,SYN
31144,27,102,1,0,0,0,0,6,SYN
9000,36,58,0,0,0,0,0,6,Normal
10052,14,62,0,0,0,0,0,17,UDP
40506,11,68,0,1,0,1,1,6,Xmas
33074,17,69,0,1,0,1,1,6,Xmas
59884,27,78,0,0,0,0,0,17,UDP
43155,7,64,0,0,0,0,0,6,Normal
45770,13,47,0,1,0,0,0,6,FIN
37320,36,97,1,0,0,0,0,6,SYN
43304,26,55,0,0,0,0,0,6,Normal
51247,17,111,0,0,0,0,0,17,UDP
8913,10,40,1,0,0,0,0,6,SYN
22450,7,44,0,1,0,1,1,6,Xmas
29107,28,42,0,1,0,0,0,6,FIN
25764,20,104,0,1,0,1,1,6,Xmas
48404,8,43,0,0,0,0,0,17,UDP
25491,39,103,1,0,0,0,0,6,SYN
43494,15,128,0,0,0,0,0,17,UDP
8373,30,49,1,0,0,0,0,6,SYN
17161,7,60,1,0,0,0,0,6,Normal
36996,15,85,0,1,0,0,0,6,FIN
32122,19,66,0,0,0,0,0,6,Normal
39850,34,105,0,1,0,0,0,17,Normal
32350,31,80,0,0,0,0,0,17,UDP
32472,5,52,0,1,0,0,0,6,FIN
33761,36,48,1,0,0,0,0,6,SYN
30351,29,75,1,0,0,0,0,6,SYN
28132,15,125,0,1,0,1,1,6,Xmas
54049,35,129,1,0,0,0,0,6,SYN
20305,8,97,0,0,0,0,0,17,UDP
14817,26,93,0,0,0,0,0,17,Normal
16261,21,51,0,0,0,0,0,6,Normal
5417,18,120,0,0,0,0,0,6,Normal
46576,30,117,0,1,0,0,0,6,FIN
25358,35,53,1,0,0,0,0,6,SYN
8267,15,73,0,0,0,0,0,17,UDP
22209,27,92,0,1,0,0,0,6,FIN
29052,38,59,0,1,0,1,1,6,Xmas
43513,29,114,0,0,0,0,0,17,UDP
31092,9,55,0,0,0,0,0,17,UDP
16338,7,109,0,0,0,0,0,17,UDP
5412,33,95,0,0,0,0,0,6,Normal
12543,25,122,0,0,0,0,0,17,UDP
45355,12,97,1,0,0,0,0,6,SYN
38496,34,43,0,0,0,0,0,17,UDP
28548,32,43,0,0,0,0,0,17,Normal
32384,33,59,0,0,0,0,0,17,UDP
49425,20,49,0,1,0,1,1,6,Xmas
43756,38,63,0,1,0,1,1,6,Xmas
23888,4,65,1,0,0,0,0,6,Normal
40735,16,76,1,0,0,0,0,6,SYN
52295,15,124,1,0,0,0,0,6,SYN
56938,31,93,0,1,0,0,0,6,FIN
53816,14,60,1,0,0,0,0,17,Normal
22506,4,113,0,0,0,0,0,17,UDP
25463,34,77,1,0,0,0,0,17,Normal
22955,15,85,0,1,0,0,0,6,FIN
42841,29,43,0,0,0,0,0,17,Normal
10104,19,99,1,0,0,0,0,6,Normal
39911,33,96,0,1,0,0,0,6,FIN
28190,36,84,1,0,0,0,0,6,SYN
12357,26,59,0,0,0,0,0,17,UDP
37479,37,56,0,1,0,0,0,6,FIN
49811,8,110,0,1,0,1,1,6,Xmas
41208,21,43,1,0,0,0,0,6,SYN
25150,32,53,0,1,0,1,1,6,Xmas
10644,9,42,1,0,0,0,0,6,SYN
48286,12,127,0,0,0,0,0,17,UDP
52320,34,119,0,0,0,0,0,17,UDP
7914,36,97,0,0,0,0,0,6,Normal
26352,30,94,0,1,0,1,1,6,Xmas
51352,17,43,1,0,0,0,0,6,SYN
49912,32,63,0,0,0,0,0,17,UDP
19397,39,73,0,1,0,0,0,6,FIN
46555,31,69,0,0,0,0,0,17,UDP
51959,24,121,0,1,0,0,0,6,FIN
5728,6,58,1,0,0,0,0,6,SYN
55517,22,70,0,0,0,0,0,17,UDP
58644,34,99,0,0,0,0,0,17,UDP
5698,38,99,1,0,0,0,0,6,SYN
44954,6,58,0,0,0,0,0,17,UDP
52280,29,88,0,1,0,0,0,6,FIN
18923,19,102,0,0,0,0,0,17,UDP
21779,14,122,0,1,0,1,1,6,Xmas
12400,24,61,0,0,0,0,0,17,Normal
29466,19,63,0,1,0,0,0,6,FIN
41939,12,115,0,1,0,1,1,6,Xmas
9360,3,69,1,0,0,0,0,6,SYN
40270,24,97,0,1,0,0,0,6,FIN
22101,28,70,1,0,0,0,0,6,Normal
56934,20,103,0,0,0,0,0,6,Normal
37307,16,58,1,0,0,0,0,6,SYN
59098,31,87,1,0,0,0,0,6,SYN
10486,14,84,0,1,0,0,0,6,FIN
13335,38,94,0,0,0,0,0,17,UDP
26364,37,94,1,0,0,0,0,6,SYN
42259,14,57,0,0,0,0,0,17,UDP
28576,9,102,0,1,0,1,1,6,Xmas
36667,31,86,0,0,0,0,0,6,Normal
16130,13,114,0,0,0,0,0,17,UDP
26972,35,96,0,0,0,0,0,17,Normal
45419,8,84,0,0,0,0,0,17,UDP
57788,17,72,0,1,0,1,1,6,Xmas
6167,34,56,1,0,0,0,0,6,SYN
32192,13,109,0,1,0,1,1,6,Xmas
6062,25,43,1,0,0,0,0,6,SYN
23540,28,59,1,0,0,0,0,6,SYN
29244,36,86,0,0,0,0,0,6,Normal
26545,36,54,0,1,0,1,1,6,Xmas
26689,31,109,0,0,0,0,0,17,UDP
16174,6,86,0,1,0,1,1,6,Xmas
27925,19,117,0,0,0,0,0,17,Normal
42497,37,114,1,0,0,0,0,6,SYN
14348,15,48,0,1,0,0,0,17,Normal
28714,17,129,0,1,0,0,0,6,FIN
43102,31,55,0,1,0,0,0,6,FIN
13924,31,108,0,0,0,0,0,17,UDP
42098,13,100,0,1,0,0,0,17,Normal
29394,34,49,0,0,0,0,0,17,UDP
11801,4,89,0,0,0,0,0,17,UDP
42614,16,42,0,1,0,0,0,6,FIN
11731,22,116,0,0,0,0,0,17,UDP
53136,24,109,0,1,0,0,0,6,FIN
28625,13,120,1,0,0,0,0,6,SYN
22337,29,90,0,0,0,0,0,17,Normal
40307,5,58,0,0,0,0,0,17,UDP
12056,19,81,0,1,0,0,0,6,FIN
16516,30,74,0,1,0,1,1,6,Xmas
49261,31,85,0,0,0,0,0,17,UDP
6542,23,65,1,0,0,0,0,6,SYN
26677,18,108,1,0,0,0,0,6,SYN
51732,39,103,0,1,0,1,1,6,Xmas
55343,22,76,0,1,0,0,0,6,FIN
44081,8,123,0,0,0,0,0,17,UDP
32569,21,88,0,1,0,0,0,6,FIN
28322,7,60,1,0,0,0,0,6,SYN
24065,5,113,0,1,0,0,0,6,FIN
22924,3,103,1,0,0,0,0,6,SYN
27556,17,44,0,1,0,0,0,6,FIN
59693,36,109,0,1,0,1,1,6,Xmas
31962,37,129,0,0,0,0,0,17,Normal
33295,27,43,0,1,0,1,1,6,Xmas
18807,26,78,0,1,0,1,1,6,Xmas
47348,14,74,0,1,0,0,0,17,Normal
31432,20,40,0,0,0,0,0,6,Normal
22749,17,63,0,0,0,0,0,17,UDP
46459,18,96,0,0,0,0,0,17,UDP
31256,29,109,0,1,0,1,1,6,Xmas
45262,10,80,0,1,0,1,1,6,Xmas
42080,27,93,1,0,0,0,0,6,SYN
6324,19,85,1,0,0,0,0,6,SYN
30731,31,99,0,0,0,0,0,17,UDP
40909,10,99,0,0,0,0,0,17,UDP
28803,17,96,1,0,0,0,0,6,SYN
24870,29,70,1,0,0,0,0,6,SYN
39578,9,123,0,1,0,0,0,6,FIN
11588,5,63,0,1,0,0,0,6,FIN
57075,31,128,1,0,0,0,0,6,SYN
43069,26,75,0,1,0,0,0,6,FIN
31790,5,124,0,0,0,0,0,6,Normal
58338,22,69,0,0,0,0,0,17,UDP
30289,17,63,0,0,0,0,0,17,UDP
33178,27,69,1,0,0,0,0,6,SYN
33710,32,125,0,1,0,1,1,6,Xmas
20485,16,46,1,0,0,0,0,6,SYN
49482,9,74,0,1,0,0,0,6,FIN
25652,19,94,0,1,0,1,1,6,Xmas
9748,22,53,0,1,0,0,0,6,FIN
26233,38,49,0,0,0,0,0,17,Normal
14435,11,119,0,1,0,0,0,6,FIN
8709,24,55,0,0,0,0,0,6,Normal
35355,4,93,0,0,0,0,0,17,Normal
18116,26,128,0,1,0,0,0,6,FIN
30470,10,116,0,1,0,0,0,6,FIN
47344,13,109,0,0,0,0,0,17,Normal
47918,15,83,0,1,0,1,1,6,Xmas
57224,19,112,0,0,0,0,0,6,Normal
44298,10,84,0,0,0,0,0,17,UDP
47956,23,95,0,0,0,0,0,17,Normal
19683,20,123,0,1,0,1,1,6,Xmas
5504,32,121,0,0,0,0,0,17,UDP
38982,20,96,1,0,0,0,0,6,SYN
39299,33,60,1,0,0,0,0,6,SYN
33016,34,107,0,1,0,1,1,6,Xmas
28960,13,89,0,0,0,0,0,6,Normal
38591,27,72,0,1,0,0,0,6,FIN
22312,35,46,0,1,0,1,1,6,Xmas
42797,10,109,0,0,0,0,0,17,UDP
51196,13,54,0,0,0,0,0,17,UDP
54285,24,121,1,0,0,0,0,6,SYN
7105,26,71,0,0,0,0,0,17,UDP
41395,19,114,0,1,0,1,1,6,Xmas
50740,14,59,0,0,0,0,0,17,UDP
27700,34,127,0,1,0,1,1,6,Xmas
39620,17,54,0,1,0,0,0,6,FIN
42678,18,87,1,0,0,0,0,6,SYN
25559,24,110,0,0,0,0,0,17,UDP
32509,30,60,0,1,0,1,1,6,Xmas
32860,22,81,0,0,0,0,0,17,Normal
16003,35,65,1,0,0,0,0,6,SYN
26732,12,53,0,1,0,0,0,6,FIN
30826,34,96,0,1,0,1,1,6,Xmas
35354,35,76,0,1,0,0,0,6,FIN
18843,4,97,0,1,0,0,0,6,FIN
49472,35,60,0,0,0,0,0,17,UDP
53529,35,121,0,0,0,0,0,17,UDP
11190,15,108,0,1,0,1,1,6,Xmas
22640,32,42,1,0,0,0,0,17,Normal
57528,35,126,0,1,0,1,1,6,Xmas
43413,15,129,0,0,0,0,0,17,Normal
57638,28,76,0,1,0,0,0,6,FIN
57736,24,127,1,0,0,0,0,6,SYN
47356,4,88,0,1,0,1,1,6,Xmas
49597,28,58,0,1,0,1,1,6,Xmas
45821,17,128,0,0,0,0,0,17,Normal
8330,36,124,0,1,0,0,0,6,FIN
24087,13,51,0,1,0,0,0,6,FIN
46430,5,100,0,0,0,0,0,17,Normal
29504,8,80,0,1,0,0,0,6,FIN
12114,11,72,0,0,0,0,0,17,UDP
18323,8,89,1,0,0,0,0,6,SYN
39121,11,107,0,1,0,1,1,6,Xmas
15975,33,110,1,0,0,0,0,6,SYN
16023,34,125,0,1,0,1,1,6,Xmas
26447,14,72,0,0,0,0,0,17,UDP
29933,10,120,0,1,0,0,0,6,FIN
28959,10,63,0,0,0,0,0,6,Normal
5667,30,100,0,0,0,0,0,17,UDP
58620,22,100,1,0,0,0,0,6,SYN
34703,9,67,0,0,0,0,0,6,Normal
14337,13,97,0,1,0,0,0,6,FIN
51427,22,82,0,0,0,0,0,17,UDP
41487,18,80,0,0,0,0,0,17,Normal
24129,6,78,0,0,0,0,0,17,UDP
45251,8,125,0,0,0,0,0,17,UDP
36921,24,88,0,1,0,0,0,6,FIN
38307,28,56,0,1,0,1,1,6,Xmas
32355,5,109,1,0,0,0,0,17,Normal
42732,16,109,0,1,0,0,0,6,FIN
9835,13,104,0,0,0,0,0,17,UDP
25159,20,113,0,1,0,0,0,6,FIN
43810,14,124,0,1,0,1,1,6,Xmas
52605,25,44,0,0,0,0,0,6,Normal
45080,14,41,0,1,0,1,1,6,Xmas
43088,15,61,1,0,0,0,0,6,SYN
18216,27,96,0,0,0,0,0,17,Normal
40547,21,105,0,1,0,1,1,6,Xmas
36471,38,113,0,0,0,0,0,17,UDP
22308,10,55,0,0,0,0,0,17,Normal
32532,31,90,0,0,0,0,0,6,Normal
39349,34,78,0,1,0,0,0,6,FIN
57476,20,125,0,0,0,0,0,17,UDP
50445,8,115,1,0,0,0,0,6,SYN
10713,20,127,0,1,0,1,1,6,Xmas
54407,21,79,0,1,0,0,0,6,FIN
9804,24,77,0,1,0,1,1,6,Xmas
55990,39,99,1,0,0,0,0,6,SYN
15136,34,98,1,0,0,0,0,6,SYN
5009,5,49,0,0,0,0,0,6,Normal
24255,30,103,1,0,0,0,0,6,SYN
28793,12,102,0,1,0,1,1,6,Xmas
34548,37,88,0,0,0,0,0,17,UDP
42892,31,103,0,0,0,0,0,17,UDP
6015,17,71,0,0,0,0,0,6,Normal
32712,35,46,0,1,0,1,1,6,Xmas
39961,9,60,0,1,0,1,1,6,Xmas
13415,14,59,1,0,0,0,0,6,SYN
51318,32,65,0,1,0,1,1,6,Xmas
52280,23,107,0,1,0,0,0,6,FIN
28833,33,125,1,0,0,0,0,6,SYN
9158,26,54,0,1,0,0,0,6,FIN
25309,22,124,0,0,0,0,0,17,Normal
11970,39,118,0,0,0,0,0,17,UDP
11938,6,125,0,0,0,0,0,6,Normal
26168,30,53,0,0,0,0,0,17,UDP
51540,22,66,0,0,0,0,0,6,Normal
25384,26,79,0,1,0,1,1,6,Xmas
23017,34,97,0,1,0,0,0,6,FIN
15344,38,67,0,0,0,0,0,17,UDP
45034,36,65,1,0,0,0,0,6,SYN
13702,38,102,0,1,0,0,0,6,FIN
5384,4,105,1,0,0,0,0,6,SYN
5404,17,64,0,1,0,0,0,6,FIN
45943,36,42,0,1,0,0,0,6,FIN
52926,38,111,0,0,0,0,0,17,Normal
34189,8,83,0,0,0,0,0,17,UDP
17763,14,81,0,0,0,0,0,17,UDP
23384,5,45,0,1,0,0,0,6,FIN
37606,20,78,0,1,0,1,1,6,Xmas
14860,23,91,0,1,0,1,1,6,Xmas
43757,17,62,1,0,0,0,0,6,SYN
20106,35,128,1,0,0,0,0,6,SYN
55612,37,89,1,1,0,0,0,6,Normal
28574,28,82,0,1,0,0,0,6,FIN
28524,10,58,1,0,0,0,0,6,SYN
8636,38,108,1,0,0,0,0,6,SYN
15916,32,90,0,1,0,0,0,6,FIN
9809,25,50,0,0,0,0,0,17,Normal
37201,16,51,1,0,0,0,0,6,SYN
58330,16,113,0,0,0,0,0,6,Normal
18456,4,47,0,0,0,0,0,17,UDP
53212,39,63,0,0,0,0,0,6,Normal
43765,7,80,0,1,0,1,1,6,Xmas
39816,16,75,0,1,0,1,1,6,Xmas
50106,27,124,0,0,0,0,0,17,Normal
58932,22,111,0,1,0,1,1,6,Xmas
22100,4,94,0,0,0,0,0,17,UDP
26949,8,48,0,1,0,0,0,6,FIN
9544,19,86,0,1,0,1,1,6,Xmas
42744,27,54,0,1,0,1,1,6,Xmas
50543,30,87,0,0,0,0,0,17,Normal
47783,4,121,0,0,0,0,0,17,UDP
31657,37,81,0,1,0,0,0,6,FIN
41187,39,99,0,0,0,0,0,17,Normal
52198,7,123,0,1,0,0,0,17,Normal
12239,3,109,0,0,0,0,0,17,UDP
19489,14,51,0,1,0,0,0,6,FIN
54401,38,41,0,0,0,0,0,17,UDP
48125,25,46,0,1,0,0,0,6,FIN
54922,33,119,0,0,0,0,0,17,UDP
33538,13,42,0,0,0,0,0,6,Normal
37049,12,42,0,0,0,0,0,17,Normal
42131,5,66,1,0,0,0,0,6,SYN
47944,16,79,0,1,0,1,1,6,Xmas
55229,18,72,0,0,0,0,0,17,UDP
13427,12,40,1,0,0,0,0,6,SYN
46348,31,47,0,1,0,1,1,6,Xmas
29285,12,71,0,0,0,0,0,17,UDP
42626,14,87,0,1,0,0,0,6,FIN
47808,32,43,0,1,0,1,1,6,Xmas
27928,3,109,0,0,0,0,0,17,Normal
58871,7,58,1,0,0,0,0,6,SYN
24198,22,71,0,1,0,1,1,6,Xmas
24758,10,48,0,1,0,1,1,6,Xmas
20254,14,51,0,0,0,0,0,17,Normal
49238,3,50,0,0,0,0,0,17,UDP
6252,22,85,0,1,0,0,0,6,FIN
44764,30,55,0,0,0,0,0,6,Normal
17173,39,40,0,1,0,0,0,6,FIN
42441,39,102,0,0,0,0,0,17,UDP
31698,14,60,0,1,0,1,1,6,Xmas
58682,39,69,0,1,0,0,0,6,FIN
20781,30,52,1,0,0,0,0,6,SYN
18051,17,73,1,0,0,0,0,6,SYN
44649,8,43,0,0,0,0,0,6,Normal
11949,22,67,0,0,0,0,0,17,UDP
47289,16,98,0,0,0,0,0,6,Normal
13017,4,66,0,0,0,0,0,6,Normal
11941,11,108,0,0,0,0,0,17,Normal
30934,39,64,1,0,0,0,0,6,SYN
28386,22,42,1,0,0,0,0,6,SYN
15209,28,107,0,0,0,0,0,6,Normal
22715,31,64,1,0,0,0,0,6,SYN
33920,3,59,0,0,0,0,0,17,UDP
58413,37,73,0,0,0,0,0,17,Normal
36703,8,65,1,0,0,0,0,6,SYN
47318,39,44,0,1,0,0,0,6,FIN
59267,7,100,0,0,0,0,0,17,Normal
9637,35,48,0,0,0,0,0,17,Normal
9854,16,89,0,0,0,0,0,17,UDP
57329,14,45,0,1,0,1,1,6,Xmas
48088,22,122,0,1,0,1,1,6,Xmas
56332,26,99,0,0,0,0,0,17,UDP
42660,36,83,0,0,0,0,0,17,UDP
44811,27,50,0,0,0,0,0,17,UDP
54289,31,105,0,1,0,1,1,6,Xmas
24856,33,86,0,0,0,0,0,17,UDP
26833,25,112,1,0,0,0,0,6,SYN
56984,22,124,0,0,0,0,0,6,Normal
24963,25,127,0,0,0,0,0,6,Normal
41932,18,125,0,1,0,0,0,6,FIN
32169,10,42,0,1,0,0,0,6,FIN
12941,23,115,0,0,0,0,0,6,Normal
19388,3,69,1,0,0,0,0,6,SYN
10569,10,129,0,1,0,1,1,6,Xmas
9300,31,60,0,1,0,1,1,6,Xmas
44037,34,67,1,0,0,0,0,6,SYN
41586,7,129,0,1,0,1,1,6,Xmas
17015,24,101,0,0,0,0,0,17,UDP
50002,36,72,0,0,0,0,0,17,Normal
56058,3,124,0,0,0,0,0,17,Normal
11254,28,74,1,0,0,0,0,6,SYN
22144,12,91,0,1,0,1,1,6,Xmas
29214,32,73,0,1,0,0,0,6,FIN
45118,20,80,0,1,0,0,0,6,FIN
20183,19,90,0,1,0,1,1,6,Xmas
11238,28,86,0,1,0,0,0,6,FIN
11090,10,121,1,0,0,0,0,6,SYN
16637,14,97,1,0,0,0,0,6,SYN
27415,29,114,0,1,0,1,1,6,Xmas
29071,10,96,0,1,0,0,0,6,FIN
50415,27,62,1,0,0,0,0,6,SYN
47679,6,87,1,0,0,0,0,6,SYN
46240,35,61,0,0,0,0,0,17,UDP
23271,3,56,0,0,0,0,0,17,UDP
41034,21,108,1,0,0,0,0,6,SYN
38434,33,50,0,1,0,1,1,6,Xmas
9188,18,54,0,0,0,0,0,17,Normal
